Sequence,Label
 GLWSKIKEVGKEAAKAAAKAAGKAALGAVSEAV,1
 GLFDIIKKIAESI,1
 GLLDIVKKVVGAFGSL,1
 GLFDIVKKVVGALGSL,1
 GLFDIVKKVVGTLAGL,1
 GLFDIAKKVIGVIGSL,1
 GLFDIVKKIAGHIAGSI,1
 GLFDIVKKIAGHIVSSI,1
 AACARFIDDFCDTLTPNIYRPRDNGQRCYAVNGHRCDFTVFNTNNGGNPIRASTPN ,1
CKTVLRTAANRCPTGGRGKINPNAPFLFAIDPNDGDCSTNF,1
 HGVSGHGQHGVHG,1
 FKCRRWQWRMKKLGAPSITCVRRAF,1
 KWKLFKKIKFLHSAKKF,1
 KSSAYSLQMGATAIKQVKKLFKKWGW,1
 GIGTKILGGVKTALKGALKELASTYAN,1
 GIGGKILSGLKTALKGAAKELASTYLH,1
 GIGGVLLSAGKAALKGLAKVLAEKYAN,1
 SIGAKILGGVKTFFKGALKELASTYLQ,1
 FLPLLAGLAANFLPTIICKISYKC,1
 FVQWFSKFLGRIL,1
 KWKIFKKIEKVGRNIRNGIIKAGPAVAVLGEAKAL,1
 GWLKKIGKKIERVGQHTRDATIQTIGVAQQAANVAATLK,1
 KWKLFKKIEKVGQNIRDGIIKAGPAVAVVGQATQIAK,1
 SQLGDLGSGAGQGGGGGGSIRAAGGAFGKLEAAREEEFFYKKQKEQLERLKND ,1
QIHQAEFHHQQIKEHEEAIQRHKDFLNNLHK,1
 GIGKFLHSAKKFGKAFVGEIMNS,1
 GIGAVLKVLTTGLPALISWIKRKRQQ,1
 ALWKNMLKGIGKLAGQAALGAVKTLVGAE,1
 ACYCRIPACIAGERRYGTCIYQGRLWAFCC,1
 ECRRLCYKQRCVTYCRGR,1
 LKLKSIVSWAKKVL,1
 KWCFRVCYRGICYRRCR,1
 KSCCRNTWARNCYNVCRLPGTISREICAKKCDCKIISGTTCPSDYPK,1
 GLLSVLGSVAKHVLPHVVPVIAEHL,1
 GLLSVLGSVVKHVIPHVVPVIAEHL,1
 GLFKVLGSVAKHLLPHVAPVIAEK,1
 GLFGVLGSIAKHVLPHVVPVIAEK,1
 GLFVGVLAKVAAHVVPAIAEHF,1
 GLFVGLAKVAAHNNPAIAEHFQA,1
 GFVDFLKKVAGTIANVVT,1
 GLLQTIKEKLESLESLAKGIVSGIQA,1
 TRSSRAGLQFPVGRVHRLLRK,1
 FFGWLIKGAIHAGKAIHGLIHRRRH,1
GLFDVIKKVASVIGGL,1
 GLFDIIKKVASVVGGL,1
 GRFKRFRKKFKKLFKKLSPVIPLLHLG,1
 GGLRSLGRKILRAWKKYGPIIVPIIRIG,1
 RRRPRPPYLPRPRPPPFFPPRLPPRIPPGFPPRFPPRFP,1
 GLLGPLLKIAAKVGSNLL,1
 GLICESCRKIIQKLEDMVGPQPNEDTVTQAASQVCDKLKILRGLCKKIMRSFLRRISWDILTG ,1
KKPQAICVDIKICKEKTGLI,1
 DHYNCVSSGGQCLYSACPIFTKIQGTCYRGKAKCCK,1
 FFHHIFRGIVHVGKTIHRLVTG,1
 KLAKLAKKLAKLAK,1
 KTCENLADTFRGPCFATSNC,1
 IDWKKLLDAAKQIL,1
 FLIGMTQGLICLITRKC,1
 ILPILSLIGGLLGK,1
 GLLGLLGSVVSHVVPAIVGHF,1
 GLLGLLGSVVSHVLPAITQHL,1
 GIKCRFCCGCCTPGICGVCCRF,1
 QSHLSLCRWCCNCCRSNKGC,1
 ILGPVISTIGGVLGGLLKNL,1
 FLPILASLAAKFGPKLFCLVTKKC,1
 GLWSKIKEAAKAAGKAALNAVTGLVNQGDQPS,1
 LLGMIPLAISAISALSKL,1
 GLPVCGETCVGGTCNTPGCSCSWPVCTRN,1
 GVPICGETCTLGTCYTAGCSCSWPVCTRN,1
 GIPCGESCVWIPCISSAIGCSCKSKVCYRN,1
 GIPCAESCVWIPCTVTALIGCGCSNKVCYN,1
 GTFPCGESCVFIPCLTSAIGCSCKSKVCYKN,1
 GLLPCAESCVYIPCLTTVIGCSCKSKVCYKN,1
 GRDYRTCLTIVQKLKKMVDKPTQRSVSNAATRVCRTGRSRWRDVCRNFMRRYQSRVTQGLVAGE ,1
TAQQICEDLRLCIPSTGPL,1
 GETDPNTQLLNDLGNNMAWGAALGAPGGLGSAALGAAGGALQTVGQGLIDHGPVNVFIPVLIGPSW ,1
NGSGSGYNSATSSSGSGS,1
 GFKDLLKGAAKALVKTVLF,1
 KSCCPNTTGRNIYNACRLTGAPRPTCAKLSGCKIISGSTCPSDYPK,1
 KSCCPNTTGRNIYNTCRFGGGSREVCARISGCKIISASTCPSDYPK,1
 KSCCPNTTGRNIYNTCRLTGSSRETCAKLSGCKIISASTCPSNYPK,1
 MRKEFHNVLSSGQLLADKRPARDYNRK,1
 KSCCKNTTGRNIYNTCRFAGGSRERCAKLSGCKIISASTCPSDYPK,1
 FIFHIIKGLFHAGKMIHGLVTRRRH,1
 FLPAIVGAAAKFLPKIFCAISKKC,1
 FLPIIAGVAAKVLPKIFCAISKKC,1
 FLPIIAGIAAKFLPKIFCTISKKC,1
 FLPVIAGVAANFLPKLFCAISKKC,1
 FLPIIAGAAAKVVQKIFCAISKKC,1
 GLMDTIKGVAKTVAASWLDKLKCKITGC,1
 VNWKKVLGKIIKVAK,1
 VNWKKILGKIIKVAK,1
 FFSLLPSLIGGLVSAIK,1
RFRLPFRRPPIRIHPPPFYPPFRRFL,1
 KWKLFKKIPKFLHLAKKF,1
 YKQCHKKGGHCFPKEKICLPPSSDFGKMDCRWRWKCCKKGSG,1
 GIPCGESCVFIPCITGAIGCSCKSKVCYRN,1
 GEFLKCGESCVQGECYTPGCSCDWPICKKN,1
 GLPTCGETCTLGTCYVPDCSCSWPICMKN,1
 GLPVCGETCFGGTCNTPGCTCDPWPVCTRN,1
 FVDLKKIANIINSIFGK,1
 GSIPCGESCVFIPCISSVIGCACKSKVCYKN,1
 GIPCGESCVFIPCISSVIGCSCSSKVCYRN,1
 GSIPCGESCVFIPCISAVIGCSCSNKVCYKN,1
 GSIPCEGSCVFIPCISAIIGCSCSNKVCYKN,1
 GIPCGESCVFIPCLTSAIDCSCKSKVCYRN,1
 GMWSKILGHLIR,1
 GKWMSLLKHILK,1
 GFGMALKLLKKVL,1
 GTGLPMSERRKIMLMMR,1
 GIACGESCVFLGCFIPGCSCKSKVCYFN,1
 GVIPCGESCVFIPCISSVLGCSCKNKVCYRD,1
 KLCGETCFKFKCYTPGCSCSYPFCK,1
 GDACGETCFTGICFTAGCSCNPWPTCTRN,1
 GIPCAESCVWIPPCTITALMGCSCKNNVCYNN,1
 IPCGESCVWIPCITAIAGCSCKNKVCYT,1
 AIPCGESCVWIPCISTVIGCSCSNKVCYR,1
 GEYCGESCYLIPCFTPGCYCVSRQCVNKN,1
 IPCGESCVWIPCISGMFGCSCKDKVCYS,1
 FLGWLFKWASK,1
 FLKWLFKWAKK,1
 KWKSFLKTFKSAKKTVLHTALKAISS,1
 KWKSFLKTFKSLKKTVLHTLLKAISS,1
 MPFLFCNVNDVCNFASRNDYSCNYYSNSYSFWLASLNPER,1
 KWKLFKKIGAVLKVL,1
 GACFSIAHECGA,1
 TCCATGACGTTCCTGACGTT,1
 KRFKQDGGASHASPASS,1
 KRAKAAGGWSHWSPWSSC,1
 LLGDFFRKSKEKIGKEFKRIVQRIKDFLRNLVPRTES ,1
 FLGALFKVASKVLPSVKCAITKKC,1
 GIGKFLKKAKKFGKAFVKILKK,1
 GIGKFLKKAKKGIGAVLKVLTTGL,1
 VECYGPNRPQF,1
 KRFKQDGGWSHWSPWSSC,1
 RQVFQVAYIIIKA,1
 KAFDITYVRLKF,1
 DFKLFAVTIKYR,1
 DFKLFAVYIKYR,1
 WHSDMEWWYLLG,1
HTMYYHHYQHHL,1
 RLVSYNGIIFFLK,1
 GRENYHGCTTHWGFTLC,1
 ASSSYPLIHWRPWAR,1
 MTISLIWGIAMVVCCCIWVIFDRRRRKAGEPPL,0
 MFATPLRQPTNASGARPAVSMDGQETPFQYEITD,0
 LLWRKVAGATVGPGPVPA,0
 DSPDPMNGASSNALIAKMNSAKLLYQHY,0
 NNQEVIDAISQAISQTPGCVL,0
 KKVVEKNADPETTLLVYLRRKLGLCGTKLGCGEG,0
 CSRLLPSLAQEEG,0
 KNDFAALQAKLDADAAEIEKWWSDSR,0
 VDREQLVQKARLAEQAERYDD,0
 RPLRRVVLFYQGKLCSMAGNFWQSSHYLQW,0
 GAAGERKLCLLSLLLIGA,0
 MFRKLLKMWILLRPTHWLILIALCAVTCAGYWLLWSE,0
 HLRGPADSGWMPQAAPCLSGAPQAS,0
 XSARLTVLLRHLGCRSAGTI,0
 NNPNNSNSHLRPHAYNNSRRDDSD,0
 VVILASLSVMFLVSLWQQKIRERLPPGPTPLPFIGNY,0
 ICLSCLISFFLWNQNRAKGKLPPG,0
 VVMNSLRVILQAS,0
 ARPRLDLQLVQRFVRIQKVF,0
MLAKGLSLRSVLAKGCQPFLSPTWQSSVLATGGGANIS,0
 AAGLPGAALPLRKRPLRAPSPEPAAPRGAAGLVV,0
 PPMPSAPPVHPPP,0
 SCPIDKRRPLIAFLRRLRD,0
 RLGLWASGLILILGFLKLLRLLLRRQRLARAMD,0
 FSPQRDRFQAEGS,0
 GTLWALVFLGILVGMVVPSPAGTRANNTLLDSRG,0
 MNRLLQKGTSLVPSWRTR,0
 MTTSLIWGIAIAACCCLWLILGIRRRQT,0
 ATLANGMSLQPPLEEVS,0
 PLTATNSGLAVNN,0
 VRACHKVCRCLLSGFGGRVDAGQPELLTER,0
 TAGILLLLLLGTLEGS,0
 MEPSILLLLALLVGFLLLLVRGH,0
 MKNCFQLLCNLKVPAAGFKNTVKS,0
 SVIHTQAHASGLQQVPQLVPAGPGGGGKAVAPSKQSK,0
 KPLGLLKPSSLMKVSGRFKAHQDA,0
 ARTLNNKLSLSKPKFSGFT,0
 LLLVIIWTLFGPSGLGEELLSLSLASLLPAPASPGPP,0
 WPGILVGGARVASCRYPALGPRLA,0
 RSVKGLVALITGGASGL,0
 AAAALRARILQVSSKVN,0
 TGCCIAGRLANLDDQNLTVAL,0
 GSILGFLQIATVLTVLLLLLK,0
 AARQIGSCLMRCRTLDTTSP,0
 WGCRGRRWAFARVDGGSCHRRGAPTGSTSNQIR,0
 YAKPGAVRSPAQILQWQVLPNTVPAKS,0
 RMAGPWLSLHEARLLGTRGAAAPKAV,0
 SISNRAAVPEHGVAPDAERL,0
 PNFSMETWLLLV,0
 PRPPSKTYRGAFQN,0
 SVLVKGCQPFLSAPRECPGHPRVGT,0
 LVTPPKALLKPLSIPNQ,0
 KMQGSRMDEQRCS,0
 VIADDLPPTCIRP,0
 LPGGLRVLVQTGH,0
 GWIWRWGWGRRCLGRPGLPGPGPGPATPLFLLLL,0
 RGIRGSSAARPSGRRRDPAGRTTETGFNIFTQHD,0
 QQEKEFLESYPQNCPPDALPGTPGNLD,0
 APARRVLQVKRVMQESSLSPAHL,0
 KVAPGGPTGYPGNLTAEQEQKLGELKMILL,0
 FLASYPQKCPAGSLPGTPGNTDE,0
 MDAKARNCLLQHREALEKDIKTSY,0
 ASRQLLVAPPEAL,0
 MISNGIGTVTTGKRSMCLFPLLLIGLWGC,0
 MTLRNFGMGKRSIEDRVQEEARCLVEELRKTNASPC,0
 AVFGLGGVGLSVIMGCKAAGASRIIAVDIN,0
PNAKQSILQKNPDDVVIVAAYRTA,0
 AMELLLTATIFYLVLWVVKAFRLQVPKGLKSPPGP,0
 LLAAGFCPAVLCH,0
 AASVNDEQHQRIIKYGRALVLDIVEQ,0
 IARLREDGIQKRVIQEGRGELPDFQDG,0
 FIVVMNILALTLPFLAAEVQN,0
 CQNGRRANRTVRFARTA,0
 WVTVRSQQRGLFPAI,0
 LLRSCPLQGSPGRPRSV,0
 LNDGHFMPVLGFGTYAPPEVPRNRAVEV,0
 HLGRPSAPTIVAQPVSGLASPASFQPEQFQYTLDNNVLT,0
 RPEPGGCCCRRTVRANGC,0
 SWVEENRASFQPPVCNKLMHR,0
 VFHRVRWAPELGASLG,0
 RAKVLTLDGMNPRVRRVEYAVRGPIVQRALELEQELRQ,0
 LLQRARLAEQAERYDDMASAMKAVTELNEPLS,0
 ALIQKLNSDPQFVLAQNVGTTHDLLDICLKRATVQRA,0
 AALPMLWTGLVLLGLLGFPQTPAQGHDTVQPNFQQ,0
 QRRQNDSSVFLAIMVAAAVES,0
 CNAPGCGQRFTNEDHLAVHKHKHEMTLKFGPARTDS,0
 LVLLTVQNSALILTLNYSRIMPGYD,0
 TVLSPPQRFKRILQAMMLAVAVV,0
 ISRGLLLLAALCCLAPSFL,0
 VAGTESAQGPPGPAASLELWLNKATDPS,0
 QYLRIRTVQPEPDYGAAV,0
 ASPTQTPPTTSTIRVARRSRVALVAM,0
 TIWRNQHTYKMATSASANLSKIVKKNYMELPQDGKVQ,0
 LSITRGLLLLAALCCLAPIS,0
 ILLSIWRQSSGRGKLPPGPIPLPIIGNIFQ,0
 LLLLSWVALGPRSLEGADPGTPGEAEGPACP,0
 LRVKRAMQEASFMPPLLPPAAHQRFSTVPAVP,0
 GLLLLAGLCCLVFGIMAEDAQVAQGPSQQI,0
 RHVGLLCATGPQRWRF,0
 AAVALARPKPPLRHQEHLQNEPDS,0
 SRVNDQSQASRNGLKGKVLTLDTMNPCV,0
 AAALGPGVLQATRAFHTGQPRLAPLPPLPEYGGK,0
 LCTSGLWTAQASTNESSNSHRGLAPTNV,0
 PAIQPVLSGLSRIVNGEEA,0
 GCQASLSTAQERLGHPGVPTREGVR,0
 RKVLILTLVVAACGFVLWSSNGR,0
 GRVRSRCPGPALLLLLALAARPALAGPPAAALQ,0
 CRITKPALLVLNQETAKVVQT,0
 KAEVCMAVPWLSLQ,0
 SHLELNNGTKMPTLGLGT,0
 LLLPEAAAERDAREKLALWDRRPDTTAPL,0
 LLALSLVLLYRYATYSHGFFKKLGIPGPKPLPLFGNVLS,0
 LLSLWRQSSGRGKLPPGPTPLPVIGNILQIGIKD,0
AFKSMEVANFYYEADCLAAAYGGKAAPAAPPADRPGPR,0
 SLFWAARPLQRCGQLVRMAIRAQH,0
 MRPPRTLTSTATMSALSTSMPMEIDDVMDEDAVNGQA,0
 LLSLIGFCWAQYDP,0
 LWARSKNDQLRISFPPGLCWG,0
 PQGFDVDRDAKKLNKACKGMGTNEAAIIEILSG,0
 IFCLILWVVKAWQPRLPKGLKSPPGPWGWPLLG,0
 LDAASPGPLALLGLLFAATLLLSALFLL,0
 VTLLFKLYCLA,0
 ATRAAAARLVGTAASRTPAAARH,0
 RNKLDLETLTDILEHQIR,0
 RRLVLQARTYAQAAASPAPAAGPGQMSFTFASPTQVFF,0
 PGRSRSAADDINPAPANM,0
 LLSALTLETWVLLAVILVLLYRLG,0
 VMGHGLCPQGARAKAAIPAALRDHEST,0
 FLVSIAGLLYALVQLGQPCDCLPPLRAAA,0
 VRSVRAAVGGLRAISAPSAPCLPRPWGLRAG,0
 RGGCWPRGLQQLLVPGG,0
 APATPPRPLKRKKLQFTDVTPESSP,0
 EQAERYDDMAAAMKAVTEQGHELSNEERNL,0
 MPNDPSDNQLK,0
 TELLLAITVFCLGFWVVRALRTQVP,0
 LTADLLGAPFFTLPKELQLALLERQTVFL,0
 GHGRLVEIQGRLGVRIER,0
 LPFKLLLFVLLDGWTRLTH,0
 QALWLVLVLSMPPVLVAAVVGTLVSLVQ,0
 TASWLGNELHSFAEMTMMKIQGIR,0
 KHRTVLFRRWMAIICCLI,0
 LHRAQDYRRELDTLQSLLTTSQSSELQAAAALLKC,0
 TKGNDIADLDAVAQTLKKPADDANKAVN,0
 QLEMALAKLKKDMMRGGDAKQYQVWQS,0
 VSVDNPNDLMLMQWSLIRITIQEE,0
 QGKAGEVIVTGLRTEQLSLSDAKLLLEAAMR,0
 RGVGGPSQQVMTPQGRGTVAAAAAAATASIAGAP,0
 VGKSSKMLQHIDYRMRCILQDGRIFIGTFKA,0
 HHKDSSIHHLRLSANDAEDSLRM,0
 LNPDPCKPLAFI,0
 SLINQQITQVGHGGQAGRLTETNPLTENS,0
 IACLLPRVSNLELKQGKAGEVIVTGLR,0
 EPSTGLMLVEESRWVHLGRELLPATAP,0
 NATSSQDQFAKWARLNRKYEQLSQ,0
 EPQKTIWRLAIFLHLPLRLAVAKIY,0
 LFLVNVLAFGLAGYCFVRHNARCEAGV,0
 PTYERLNDPKNVFFRMPFARL,0
 WNHYLSCASPCPGYRLLCRIN,0
 EAAMAAAAAPGSGNGVGGGGGTAG,0
 LGSGHHDGSGDSLEMSSLDRAQ,0
FYQNRAAAFEQLQKWKEVAQDCT,0
 ELNPKYVKALFRRAKAHE,0
 MAEALLLRATFYLLIGSANAAKPD,0
 RANALIKRGTMCMQQQQPMLSTQ,0
 RPKFALAQAQKCFALYRQAYTANNSSQVQAAMKGFEE,0
 YAQALTDQQQFGKADEMYDKCI,0
 GNMEKAIDMFNKAINLAKSEMEMAHLYSLC,0
 LSVALGPRSRSYRAPPPPRRRPGPHS,0
 MQESLRLQQQALEAR,0
 RKRLKEERQRQKKEARIAA,0
 GETRPSECIAALFDDRARPP,0
 LLEFAQLHNISSRTLQRQFVAS,0
 AASVNPLAAVELQRLSAQER,0
 QNCVFADNIKVGQMTEPLKDQQIIL,0
 LTMMAPAVAQQTDDETFV,0
 QQIQGGKELKDALAQL,0
 ERFTSNQMFFDLAQASASGGLNNKKI,0
 RQQEFLLLNGWLQLQCGHAERACILLD,0
 NWLCLSRAQQLNGDLDKARHAYQ,0
 YKELYYRLLTSPAADAGNTL,0
 EWRDLKGRADINKDDVV,0
 GWVTTLGPGSRGYRAPPPPRRSRE,0
 QMIENWRRQQQARREKAQADKERRARLQ,0
 QRKKKEARAAAMAAAAAQDPADSETP,0
 APATRSRYLLRLTVTLGPRSRSYHAPPPPRRRP,0
 ENWRKQKRERWEKIQADKERRARLQAEAQE,0
 LKEERQRQKKEARIAAMASAEGQDSAEAQD,0
 TLDRDGTLVRLRFTMVALITVCCPLVAFFF,0
 LFLTGCKVDLYTGISQKEGNEMLALL,0
 LDRDGTLVRLRFTLVALVTVCCPLVAFLFCVL,0
 LWRLCIGLHSAPRFLVAMAYLKYYQGTPC,0
 VAGTTAVAGQVPIMGAVKFGGDVCAAG,0
 AKLRRKHDKAMDEYEAMNKKLTAQK,0
 QLRSRSASPASTAKAQKAQ,0
 LIWTIFILHIAIFLVNTIGAATIDNLLWLLYLKLP,0
 PDPPADSPLDQTIQHLQGLTIQELPDPPTHLPE,0
 ERFAQLCEEHGILRENIIDLSNANRCL,0
 EEGLQGKLRLLRLLHQTNPYPQGPGTASQRRNRRRRRRR,0
 PTDSPLDRAIQHLQRLTIQELPDPPTDLPESNSNQ,0
 GPGTANQRRQRRRRWRRRWQQLLALA,0
 EEELRKRLRLIHLLHQTIDSYPTGPGTANQRRQRR,0
 TDTPLDLAIQQLQNLAIESIPDPPTNTPEALCD,0
 LRLIHFLHQTTDPYPQGPGTANQRRRR,0
 PVDTPLDLAIQQLQGLAIEELPDPPTSAPEPLNDV,0
 NTNVTPHLLAGMRLIAVQQPEDPLRVL,0
 QTLVHNGGRLPPDLQLSAEDSSSTPS,0
